db,insert_ms,insert_count,memory_mb,avg_ms,p50_ms,p95_ms,p99_ms,n,recall_at_k,recall_std,n_queries,qps,total_queries,duration_s,n_dataset
pgvector,538237.776199996,769382,2295.06640625,702.7957230992615,671.9266499567311,893.40208999929,1120.7978170074057,1000,0.8676,0.1551458668479441,1000,1.4963673438199128,5,3.341425499995239,769382
qdrant,462721.2061000173,769382,3538.33203125,15.481731600535568,15.337550023104995,26.58400997170247,30.32571200397797,1000,0.9962000000000001,0.027304944607158602,1000,66.31392103833242,199,3.000878199993167,769382
faiss,51426.87869997462,769382,1777.6015625,72.56173420062987,71.55920000514016,78.96341497835238,88.76455598627217,1000,1.0,0.0,1000,13.281154334223764,40,3.0117863999912515,769382
milvus,138366.07269995147,769382,1283.09765625,13.025021000066772,11.272499978076667,22.687150019919496,44.34815900400276,1000,0.9916,0.044826777711542004,1000,98.08274173520776,295,3.007664700038731,769382
