db,insert_ms,insert_count,memory_mb,avg_ms,p50_ms,p95_ms,p99_ms,n,recall_at_k,recall_std,n_queries,qps,total_queries,duration_s,n_dataset
pgvector,151.5662999881897,200,0.75,28.69493759982288,30.664700010675006,31.78377001604531,32.50846000330057,1000,0.7674,0.16204085904487178,1000,35.01622638716499,106,3.027168000000529,200
qdrant,119.54320000950247,200,7.9609375,14.016775300056906,15.320849983254448,24.795769978663873,28.035109996562824,1000,1.0,0.0,1000,68.62132169751577,206,3.0019823999900836,200
faiss,5.844300001626834,200,3.39453125,2.129635199380573,2.0611500076483935,2.5315949809737504,3.094713980099185,1000,1.0,0.0,1000,483.9870406076891,1453,3.0021464999881573,200
milvus,3042.5885999866296,200,1.84375,1.6072036000550725,1.5787500014994293,1.829724990238901,2.0716569991782303,1000,1.0,0.0,1000,616.9540163636342,1851,3.0002235999854747,200
